{
  "app_name": "فران",
  "loading": "جاري التحميل...",
  "continue": "استمرار",
  "back": "رجوع",
  "retry": "إعادة المحاولة",
  "next": "التالي",
  "play": "العب",
  "pause": "إيقاف مؤقت",
  "resume": "استئناف",
  "exit": "خروج",
  "settings": "الإعدادات",
  "level": "المستوى",
  "score": "النتيجة",
  "high_score": "أعلى نتيجة",
  
  "play_game": "ابدأ اللعبة",
  "select_level": "اختر المستوى",
  "settings": "الإعدادات",
  
  "language": "اللغة",
  "english": "English",
  "arabic": "العربية",
  "control_method": "طريقة التحكم",
  "auto_run": "جري تلقائي",
  "manual_control": "تحكم يدوي",
  "sound": "الصوت",
  "music": "الموسيقى",
  "on": "تشغيل",
  "off": "إيقاف",
  
  "game_over": "انتهت اللعبة",
  "your_score": "نتيجتك",
  "try_again": "حاول مرة أخرى",
  "main_menu": "القائمة الرئيسية",
  
  "level_complete": "اكتمل المستوى!",
  "next_level": "المستوى التالي",
  
  "death_msg_1": "أوبس! حاول مرة أخرى!",
  "death_msg_2": "كنت قريباً!",
  "death_msg_3": "يمكنك أن تفعل أفضل!",
  "death_msg_4": "محاولة أخرى؟",
  "death_msg_5": "لا تستسلم!"
}
