{
  "app_name": "vRun",
  "loading": "Loading...",
  "continue": "Continue",
  "back": "Back",
  "retry": "Retry",
  "next": "Next",
  "play": "Play",
  "pause": "Pause",
  "resume": "Resume",
  "exit": "Exit",
  "settings": "Settings",
  "level": "Level",
  "score": "Score",
  "high_score": "High Score",
  
  "play_game": "Play Game",
  "select_level": "Select Level",
  "settings": "Settings",
  
  "language": "Language",
  "english": "English",
  "arabic": "العربية",
  "control_method": "Control Method",
  "auto_run": "Auto Run",
  "manual_control": "Manual Control",
  "sound": "Sound",
  "music": "Music",
  "on": "On",
  "off": "Off",
  
  "game_over": "Game Over",
  "your_score": "Your Score",
  "try_again": "Try Again",
  "main_menu": "Main Menu",
  
  "level_complete": "Level Complete!",
  "next_level": "Next Level",
  
  "death_msg_1": "Oops! Try again!",
  "death_msg_2": "So close!",
  "death_msg_3": "You can do better!",
  "death_msg_4": "One more try?",
  "death_msg_5": "Don't give up!"
}
